{
	"aaData": [
		~[tlist_sql;
			SELECT
				school_name,
				kg,
				"1",
				"2",
				"3",
				"4",
				"5",
				"6",
				"7",
				"8",
				"9",
				"10",
				"11",
				"12",
				LEAD (CASE WHEN school_name IS NOT NULL THEN chr(44) ELSE NULL END)
				OVER (ORDER BY high_grade, school_name ASC) comma
			FROM (
				SELECT
					schl.name school_name,
					s.grade_level,
					s.id,
					schl.high_grade
				FROM students s
				JOIN schools schl ON schl.school_number = NVL(to_number(ps_customfields.getstudentscf(s.id, 'va_servingschool')),s.schoolid)
				JOIN ps_enrollment_all enr ON enr.studentid = s.id AND enr.schoolid = s.schoolid
				JOIN terms t ON t.schoolid = schl.school_number
				WHERE
					ps_customfields.getstudentscf(s.id, 'VA_Truancy_Conf') IS NOT NULL
					AND enr.entrydate <= t.lastday
					AND enr.exitdate >= t.firstday
					AND s.grade_level >= 0 AND s.grade_level <= 12
					AND t.isyearrec = 1
					AND t.yearid = ~(curyearid)
					~[if.is.a.school]AND enr.schoolid = ~(curschoolid)[/if]
			) PIVOT (
				count(id)
				FOR grade_level IN (0 KG,1,2,3,4,5,6,7,8,9,10,11,12)
			)
			ORDER BY high_grade, school_name ASC;
		]{
			"school_name":"~(school_name)",
			"KG":~(kg),
			"first":~(1),
			"second":~(2),
			"third":~(3),
			"fourth":~(4),
			"fifth":~(5),
			"sixth":~(6),
			"seventh":~(7),
			"eighth":~(8),
			"ninth":~(9),
			"tenth":~(10),
			"eleventh":~(11),
			"twelfth":~(12)
		}~(comma)[/tlist_sql]
	],
	
	"aoColumns": [
		{"mDataProp":"school_name","sTitle":"School Name"},
		{"mDataProp":"KG","sTitle":"KG"},
		{"mDataProp":"first","sTitle":"1"},
		{"mDataProp":"second","sTitle":"2"},
		{"mDataProp":"third","sTitle":"3"},
		{"mDataProp":"fourth","sTitle":"4"},
		{"mDataProp":"fifth","sTitle":"5"},
		{"mDataProp":"sixth","sTitle":"6"},
		{"mDataProp":"seventh","sTitle":"7"},
		{"mDataProp":"eighth","sTitle":"8"},
		{"mDataProp":"ninth","sTitle":"9"},
		{"mDataProp":"tenth","sTitle":"10"},
		{"mDataProp":"eleventh","sTitle":"11"},
		{"mDataProp":"twelfth","sTitle":"12"}
	],
    "sDom": "T<\"H\"fr>t<\"F\"ip>",
    "oTableTools": {
        "sSwfPath": "/scripts/vrb/DataTables/extras/TableTools/media/swf/copy_csv_xls_pdf.swf"
    },
    "bJQueryUI": true,
    "bPaginate": false,
    "bFilter": false
}